{
  "us_cpi": [
    -0.6072716093924988,
    -0.30887381998925334,
    -0.5793856603697782,
    -1.0016754493852496,
    -0.8358166835519124,
    -0.506183582786967,
    -0.7842722979523651,
    -0.2055891626100772,
    -0.40410264770185345,
    -1.0761009346845207
  ],
  "us_jobs": [
    0.14291032361464334,
    0.14742799987562516,
    0.7546325247116215,
    0.3309832486091214,
    0.9916231233802142,
    0.32343467889940064,
    0.5831200520596523,
    0.9589194350217819,
    0.9676660820223743,
    0.5268495829436216
  ],
  "us_jobs_acc": [
    0.42574761962168045,
    0.4353148935848065,
    1.0072629788635667,
    0.7851188669343077,
    0.40746178602354927,
    0.2708209483153045
  ],
  "us_sec": [
    -0.6817812847137886,
    -0.4230213830976878,
    -0.2294132206632301,
    -0.3968110764923177,
    -0.2887114519393591,
    -0.11297590945647407
  ],
  "cn_export": [
    1.1823037568149593,
    0.6712022267243523,
    0.5469131685772908,
    0.8140882287694127,
    1.0439051253844982,
    0.6489745515908245,
    0.6622298051238811,
    0.9447327433959682,
    1.04129133371375,
    1.2682669842642893
  ],
  "cn_tech": [
    1.2615342857614893,
    0.4267258914669919,
    0.668207350714864,
    1.3261633140833133,
    0.48729931504293367,
    1.1853388184322395
  ],
  "cn_supply": [
    0.7415983574930087,
    0.5324940841104597,
    0.794454809243945,
    0.4668345286934871,
    0.560631076095081,
    0.7277507517029445,
    0.3117560212545441,
    0.4786284225522377
  ],
  "ntb_cost": [
    -0.5736404788479729,
    -0.7781642741333322,
    -0.782156548923493,
    -0.26155459113637625,
    -0.15136629264710677,
    -0.6215188989543446,
    -0.34923900890298565,
    -0.7543515773796151
  ]
}